Number of thread,Performance 1 chunks,Performance 5 chunks,Performance 10 chunks,Performance 100 chunks
1,0.0055248618784530384,0.02040816326530612,0.02857142857142857,0.041666666666666664
2,0.005235602094240838,0.024390243902439025,0.04,0.07142857142857142
4,0.00546448087431694,0.023255813953488372,0.045454545454545456,0.125
6,0.006369426751592357,0.02564102564102564,0.05263157894736842,0.125
8,0.005555555555555556,0.03333333333333333,0.05263157894736842,0.14285714285714285
10,0.006289308176100629,0.02702702702702703,0.05555555555555555,0.14285714285714285
12,0.0072992700729927005,0.03225806451612903,0.05555555555555555,0.14285714285714285
14,0.0055248618784530384,0.02702702702702703,0.05555555555555555,0.1111111111111111
16,0.007042253521126761,0.02702702702702703,0.0625,0.125
