Number of thread,Execution time 1 chunks,Execution time 5 chunks,Execution time 10 chunks,Execution time 100 chunks,Performance 1 chunks,Performance 5 chunks,Performance 10 chunks,Performance 100 chunks
1,173,50,35,22,0.005780346820809248,0.02,0.02857142857142857,0.045454545454545456
2,216,39,25,14,0.004629629629629629,0.02564102564102564,0.04,0.07142857142857142
4,176,44,24,9,0.005681818181818182,0.022727272727272728,0.041666666666666664,0.1111111111111111
6,159,42,19,8,0.006289308176100629,0.023809523809523808,0.05263157894736842,0.125
8,141,33,17,7,0.0070921985815602835,0.030303030303030304,0.058823529411764705,0.14285714285714285
10,142,30,20,8,0.007042253521126761,0.03333333333333333,0.05,0.125
12,180,34,20,8,0.005555555555555556,0.029411764705882353,0.05,0.125
14,179,35,20,8,0.00558659217877095,0.02857142857142857,0.05,0.125
16,157,38,17,8,0.006369426751592357,0.02631578947368421,0.058823529411764705,0.125
