Number of thread,Performance 1 chunks,Performance 5 chunks,Performance 10 chunks,Performance 100 chunks
1,0.03571428571428571,0.04,0.043478260869565216,0.043478260869565216
2,0.07692307692307693,0.09090909090909091,0.09090909090909091,0.09090909090909091
4,0.14285714285714285,0.14285714285714285,0.125,0.125
6,0.14285714285714285,0.125,0.14285714285714285,0.14285714285714285
8,0.07692307692307693,0.14285714285714285,0.14285714285714285,0.14285714285714285
10,0.125,0.14285714285714285,0.14285714285714285,0.125
12,0.16666666666666666,0.125,0.125,0.125
14,0.125,0.125,0.125,0.125
16,0.125,0.125,0.125,0.125
