Number of thread,Execution time 1 chunks,Execution time 5 chunks,Execution time 10 chunks,Execution time 100 chunks,Performance 1 chunks,Performance 5 chunks,Performance 10 chunks,Performance 100 chunks
1,38,35,43,30,0.02631578947368421,0.02857142857142857,0.023255813953488372,0.03333333333333333
2,17,18,15,15,0.058823529411764705,0.05555555555555555,0.06666666666666667,0.06666666666666667
4,13,12,13,13,0.07692307692307693,0.08333333333333333,0.07692307692307693,0.07692307692307693
6,13,9,9,9,0.07692307692307693,0.1111111111111111,0.1111111111111111,0.1111111111111111
8,16,45,34,38,0.0625,0.022222222222222223,0.029411764705882353,0.02631578947368421
10,9,11,8,10,0.1111111111111111,0.09090909090909091,0.125,0.1
12,9,10,7,9,0.1111111111111111,0.1,0.14285714285714285,0.1111111111111111
14,9,9,9,11,0.1111111111111111,0.1111111111111111,0.1111111111111111,0.09090909090909091
16,9,8,9,8,0.1111111111111111,0.125,0.1111111111111111,0.125
