Number of thread,Performance 1 chunks,Performance 5 chunks,Performance 10 chunks,Performance 100 chunks
1,0.03125,0.03225806451612903,0.037037037037037035,0.038461538461538464
2,0.06666666666666667,0.06666666666666667,0.06666666666666667,0.06666666666666667
4,0.1,0.1111111111111111,0.06666666666666667,0.1111111111111111
6,0.09090909090909091,0.09090909090909091,0.09090909090909091,0.08333333333333333
8,0.09090909090909091,0.1111111111111111,0.1111111111111111,0.1111111111111111
10,0.1111111111111111,0.1111111111111111,0.1,0.1111111111111111
12,0.09090909090909091,0.09090909090909091,0.09090909090909091,0.08333333333333333
14,0.08333333333333333,0.09090909090909091,0.1,0.1111111111111111
16,0.09090909090909091,0.09090909090909091,0.1,0.1
