Number of thread,Performance 1 chunks,Performance 5 chunks,Performance 10 chunks,Performance 100 chunks
1,0.05,0.043478260869565216,0.05,0.05
2,0.013888888888888888,0.047619047619047616,0.0625,0.08333333333333333
4,0.023809523809523808,0.07692307692307693,0.09090909090909091,0.1
6,0.022222222222222223,0.0625,0.08333333333333333,0.1111111111111111
8,0.02,0.07692307692307693,0.1,0.14285714285714285
10,0.023255813953488372,0.05263157894736842,0.07692307692307693,0.1
12,0.02631578947368421,0.06666666666666667,0.08333333333333333,0.125
14,0.02564102564102564,0.07142857142857142,0.09090909090909091,0.125
16,0.025,0.0625,0.08333333333333333,0.1111111111111111
