Number of thread,Performance 1 chunks,Performance 5 chunks,Performance 10 chunks,Performance 100 chunks
1,0.037037037037037035,0.037037037037037035,0.038461538461538464,0.038461538461538464
2,0.0136986301369863,0.041666666666666664,0.05263157894736842,0.06666666666666667
4,0.022222222222222223,0.06666666666666667,0.08333333333333333,0.1111111111111111
6,0.020833333333333332,0.05263157894736842,0.06666666666666667,0.08333333333333333
8,0.024390243902439025,0.0625,0.08333333333333333,0.1
10,0.02127659574468085,0.05263157894736842,0.06666666666666667,0.07142857142857142
12,0.02040816326530612,0.05263157894736842,0.06666666666666667,0.08333333333333333
14,0.023255813953488372,0.058823529411764705,0.07142857142857142,0.09090909090909091
16,0.023255813953488372,0.0625,0.07692307692307693,0.09090909090909091
