Number of thread,Execution time,Performance
1,943,0.0010604453870625664
2,1093,0.0009149130832570906
4,921,0.0010857763300760044
6,1011,0.0009891196834817012
8,1009,0.0009910802775024777
10,1100,0.0009090909090909091
12,1098,0.0009107468123861566
14,944,0.001059322033898305
16,1145,0.0008733624454148472
