Number of thread,Execution time,Performance
1,11645,8.587376556462001e-05
2,5859,0.00017067759003242875
4,3200,0.0003125
6,2848,0.00035112359550561797
8,2455,0.0004073319755600815
10,2473,0.0004043671653861706
12,2479,0.0004033884630899556
14,2492,0.0004012841091492777
16,2495,0.0004008016032064128
