Number of thread,Execution time,Performance
1,14645,6.828269033799931e-05
2,6799,0.00014708045300779526
4,4236,0.00023607176581680832
6,3729,0.0002681684097613301
8,3410,0.0002932551319648094
10,3503,0.00028546959748786756
12,3500,0.00028571428571428574
14,3451,0.0002897710808461316
16,3409,0.0002933411557641537
