Number of thread,Execution time,Performance
1,12335,8.107012565869477e-05
2,6554,0.00015257857796765334
4,4353,0.00022972662531587412
6,3773,0.00026504108136761196
8,3428,0.00029171528588098014
10,3506,0.0002852253280091272
12,3484,0.0002870264064293915
14,3545,0.00028208744710860365
16,3449,0.00028993911278631486
