Number of thread,Execution time,Performance
1,10128,9.873617693522907e-05
2,6008,0.00016644474034620507
4,3270,0.0003058103975535168
6,2837,0.00035248501938667606
8,2478,0.0004035512510088781
10,2481,0.00040306328093510683
12,2491,0.0004014452027298274
14,2498,0.00040032025620496394
16,2493,0.00040112314480545525
