Number of thread,Execution time,Performance
1,10856,9.211495946941784e-05
2,7315,0.0001367053998632946
4,4796,0.0002085070892410342
6,4105,0.000243605359317905
8,3294,0.00030358227079538557
10,2761,0.0003621876131836291
12,2865,0.00034904013961605586
14,2712,0.0003687315634218289
16,2716,0.0003681885125184094
