Number of thread,Execution time,Performance
1,10447,9.572125969177755e-05
2,6123,0.00016331863465621427
4,3199,0.00031259768677711783
6,3494,0.00028620492272467084
8,2502,0.0003996802557953637
10,2574,0.0003885003885003885
12,2682,0.0003728560775540641
14,2554,0.00039154267815191856
16,2487,0.0004020908725371934
