Number of thread,Execution time,Performance
1,14282,7.001820473323065e-05
2,7188,0.0001391207568169171
4,4021,0.0002486943546381497
6,4347,0.00023004370830457787
8,3421,0.00029231218941829873
10,3318,0.0003013863773357444
12,3710,0.00026954177897574127
14,3381,0.0002957704821058858
16,3315,0.00030165912518853697
