Number of thread,Execution time,Performance
1,12137,8.239268352970256e-05
2,10314,9.695559433779329e-05
4,5873,0.00017027073046143367
6,4718,0.000211954217888936
8,4177,0.00023940627244433804
10,3767,0.0002654632333421821
12,3509,0.00028498147620404675
14,3663,0.000273000273000273
16,3439,0.0002907822041291073
